{"cameraMode":{"drawMode":0,"name":"Shaded","section":"Shading Mode"},"sceneLighting":false,"audioPlay":false,"sceneViewState":{"showFog":true,"showMaterialUpdate":true,"showSkybox":false,"showFlares":true,"showImageEffects":true,"showParticleSystems":true,"showVisualEffectGraphs":true,"m_FxEnabled":true},"in2DMode":false,"pivot":{"x":7.857983589172363,"y":-0.07395815849304199,"z":-12.378053665161133},"rotation":{"x":-0.31221985816955569,"y":0.14377151429653169,"z":-0.047878701239824298,"w":-0.9380399584770203},"size":3.0019562244415285,"orthographic":false}